,0
Wildest Dreams (Taylor's Version)___Taylor Swift,1Ov37jtRQ2YNAe8HzfczkL
Ready To Battle (Early Access)___PUBG: BATTLEGROUNDS,3sU6ojxrlnOtWluh9Qrdhq
Like a Dog Chasing Cars___Hans Zimmer,3j9WvPrVhZuH8AmTeVakfR
Eleanor Rigby___The Beatles,6EOKwO6WaLal58MSsi6U4W
Golden___Harry Styles,45S5WTQEGOB1VHr1Q4FuPl
Agatha All Along___Kristen Anderson-Lopez,0kHsXoIt6dONEdkgKgyjoK
Arcade___Duncan Laurence,1Xi84slp6FryDSCbzq4UCD
Arcade - Acoustic Version___Duncan Laurence,5e5XSjfqBk4mgRnQR1vu8Z
What if someone spoiled spiderman no way home for us? Men of Culture 1___Men of Culture,0KifiEFgGD9u2UnzUAh8Su
Wonder Woman's Wrath___Rupert Gregson-Williams,7N31Y7XEzOvDzKuFkCgDon
Doctor Strange in the Multiverse of Madness Teaser Trailer Music (Doctor Strange in the Multiverse of Madness Soundtrack)___Sh4d0wStrider,
Pink Slips___Jenna Doe,3YmZVcLHWCjMlHfLaM7nTf
My Road Leads into the Desert___Hans Zimmer,6pZAfbCHf1n85a3MSPuDDY
Blurred Lines___Robin Thicke,5PUvinSo4MNqW7vmomGRS7
"Roxxcart, 2050___Natalie Holt",24y8QBE97oNwca2VAP5emw
Uptown Funk (feat. Bruno Mars)___Mark Ronson,32OlwWuMpZ6b0aN2RZOeMS
The Hills___The Weeknd,7fBv7CLKzipRk6EC6TWHOB
"Marvel Studios Fanfare - From ""Thor: The Dark World""/Score___Brian Tyler",0vPZjeaM0cfbxZJntcD4iy
Tu Bhi India Maa Bhi India___Mohit Lalwani,3NA1X9h5TsFEuL5eX0K9dp
Everything Has Changed (feat. Ed Sheeran) (Taylor’s Version)___Taylor Swift,7qEUFOVcxRI19tbT68JcYK
dead birds___joseph bishara,1UwQKmzUCpCixzaSWlnpV2
Let Me Love You___DJ Snake,0lYBSQXN6rCTvUZvg9S0lU
Get Into It (Yuh)___Doja Cat,0W6I02J9xcqK8MtSeosEXb
Love Me Like You___Little Mix,6L2uVVPJA9WcDc7zCZ4DHN
favorite crime___Olivia Rodrigo,5JCoSi02qi3jJeHdZXMmR8
Main Title___Laura Karpman,1iXxR60s5eXPfJ91lgyVp1
Main on End___Alan Silvestri,5POrWnsqEV6HwTcRKLdXxk
Music For a Sushi Restaurant___Harry Styles,5LYMamLv12UPbemOaTPyeV
Brahmastra___Vaibhav Nagare,5z8snoI6qfii4KV90Am5a1
‘tis the damn season___Taylor Swift,7dW84mWkdWE5a6lFWxJCBG
Raabta (Kehte Hain Khuda Ne)___Pritam,11PgL2XjsTBszhAPqttBJS
Holy Ground (Taylor's Version)___Taylor Swift,661CJWXysgwKXI1dreYNBU
All Too Well (10 Minute Version) (Taylor's Version) (From The Vault)___Taylor Swift,5enxwA8aAbwZbf5qCHORXi
"New Mac Studio, M1 Ultra, and More from Apple’s Spring Event!___Waveform: The MKBHD Podcast",
Xap___The Hit House,1ucjV8NpPGnl6gRJbcCPv1
Heather___Conan Gray,4xqrdfXkTW4T0RauPLv3WA
No Time for Caution___Hans Zimmer,5aaXqH8rgKZxg61HjECldi
epiphany___Taylor Swift,08fa9LFcFBTcilB3iq2e2A
The Comeback Song___Olivia Rodrigo,2WLp3CjnM7iLR7aTrNdwcX
King Of My Heart___Taylor Swift,7HuBDWi18s4aJM8UFnNheH
Main Titles___Danny Elfman,0HY36x94MbEBf0ZNw0eHsP
Unstoppable___Sia,2J2Z1SkXYghSajLibnQHOa
Marvel Studios Fanfare___London Music Works,4iPIQG7k3rFp0V36rIJQ0Y
Summer (Where Do We Begin?)___Phineas,0Z5kBCjWMSJbvw0mrDe9Fn
lovely (with Khalid)___Billie Eilish,0u2P5u6lvoDfwTYjAADbn4
El Melouk - الملوك___Ahmed Saad,04vHPXVGnb51q13NBoW22W
Keep Driving___Harry Styles,2NcQic8JxdjAlAHuNbOIRE
Stranger Things 4 Theme x Running Up That Hill - Epic Orchestral Version___Krutikov Music,7kZfrefRk2zaH0DI47hYXx
Cradles___Sub Urban,47UFoOuvrkt4khE7c5aap6
Larger Than Life___Joseph William Morgan,3KCFukavLXO7fYx0aHjb7x
Time___Hans Zimmer,6ZFbXIJkuI1dVNWvzJzown
Interstellar on Piano___Andy Morris,06Muk6IyarouV5CXeQ2yBN
Pep Talk___Natalie Holt,6xs9ubJE5RivAztxVzUKlp
I Miss Randy___Natalie Holt,2Kdulirzhhi9Ug4pWhsSfA
"Raabta (Title Track) [From ""Raabta""]___Pritam",4e9dIemIXO8Tzg0k4aWujk
Unsaid Emily (feat. Charlie Gillespie)___Julie and the Phantoms Cast,2vEDOWuYM6r2LO9HXI47F1
Dancing With Our Hands Tied___Taylor Swift,7I7JbDv63ZJJsSi24DyJrz
deja vu___Olivia Rodrigo,6HU7h9RYOaPRFeh0R3UeAr
Rebellious Way___Basixx,3EYTjjzKjRiZgcCA6TBjgR
Sunflower - Spider-Man: Into the Spider-Verse___Post Malone,3KkXRkHbMCARz0aVfEt68P
Something In The Way___Nirvana,4gHnSNHs8RyVukKoWdS99f
The Lucky One (Taylor's Version)___Taylor Swift,4e5ayHsOLJNLTGfjau2mEw
Wonder___Shawn Mendes,6ZuahEctZD6w75peme58hm
What About Me___The Tano Jones Revelry,4pAebtrrnwhqfufUdwPuKU
Bahlam Maak___Najat Al Saghira,2nCZs15rSShxeRBzBp6eLO
illicit affairs___Taylor Swift,2NmsngXHeC1GQ9wWrzhOMf
Message In A Bottle (Taylor's Version) (From The Vault)___Taylor Swift,3z6XUommYDWPHeFhmhhT6j
End Game___Taylor Swift,2x0WlnmfG39ZuDmstl9xfX
willow___Taylor Swift,0lx2cLdOt3piJbcaXIV74f
I Love You___Climax Blues Band,5bHDGWyIFML1LYXZWTD5MF
Reset Charges___Natalie Holt,47Uwkjr1vrKCPbnHcLcB0u
The Man___Taylor Swift,3RauEVgRgj1IuWdJ9fDs70
"Aix-En-Provence, 1549___Natalie Holt",1zFPwwn9OSvWKbnJpihq9n
Lamberghini___The Doorbeen,0N8eNF7HSu4wlZFcmjLUxt
Scared To Live___The Weeknd,4BGZF4oLbTL0pWm7C18pbv
Paul's Dream___Hans Zimmer,1Qr17u2S9kNDzTeWAJCY5N
All Too Well (Taylor's Version)___Taylor Swift,3nsfB1vus2qaloUdcBZvDu
Hermod Unge Og Gygri___Øyonn Groven Myhren,3OrMK8f7wnGZiWFFk2xT3Q
drivers license___Olivia Rodrigo,5wANPM4fQCJwkGd4rN57mH
The Light and the Dark___Joel P West,0x4ZgNoke1FGCC163w5eGd
Wasting Angels (with The Kid LAROI)___Post Malone,2OcSE0EXzgUuqkM1NIJPHJ
brutal___Olivia Rodrigo,6SRsiMl7w1USE4mFqrOhHC
Gitchee Gitchee Goo___Phineas and the Ferbtones,3rQxqSlpusi6U3sNnYtEp1
Lost___Maroon 5,18XlJEroUwFo0tLZxscgXE
Valkyrie___Robin Carolan,57numRuLPDSKzLiwf9Q9sO
Dirge___S U R V I V E,3FaZJiiJiJAtf7TtCVuAx6
National Anthem USA - The Star Spangled Banner___The Astoria Singers,1QvGqZTh78BkNsnGiNHFdo
Yaad Piya Ki Aane Lagi___Neha Kakkar,0TkquWzzuxcrwbCWlTrKYF
Alone___Alan Walker,0bMbDctzMmTyK2j74j3nF3
Weddings & Funerals___Royal & the Serpent,5XGjHvW9kqp8QqFpMHmESt
"Earned It (Fifty Shades Of Grey) - From The ""Fifty Shades Of Grey"" Soundtrack___The Weeknd",2PIvq1pGrUjY007X5y1UpM
Chop Away at My Heart___Aaron Daniel Jacob,1Gx5LqhfcbmB4RZZc02oH7
The Master of the Mystic End Credits___Michael Giacchino,2hbsiYZprSRLeZeX87Y89I
Believer___Imagine Dragons,0pqnGHJpmpxLKifKRmU6WP
Magneto___Henry Jackman,2ub6QpT59Ho6dqQWpp30I2
Let's Keep It Going___Kristen Anderson-Lopez,276IEtvE1or7kMbjU7yTdA
Run It (feat. Rick Ross & Rich Brian)___DJ Snake,5x4vgABKiGp4Vg7ZyFRxhn
Every Grain of Sand___Bob Dylan,6MfOFYmw1TD9QDFSu0TEN1
marjorie___Taylor Swift,12ntTeqEeTg7GAVpe8Mhpl
Who Do You Think You Are___Ava Kolker,2qtdSfO6ax5cTbf6s3cJG1
Scam 1992 Theme Music___Achint,3A04b0nJb2nAzGUw2rqDsI
happier___Olivia Rodrigo,2tGvwE8GcFKwNdAXMnlbfl
STAY (with Justin Bieber)___The Kid LAROI,5HCyWlXZPP0y6Gqq8TgA20
"Dheeme Dheeme (From ""Pati Patni Aur Woh"")___Tony Kakkar",7ofWUKeNCUw1P64ArIwG9b
Sign of the Times___Harry Styles,5Ohxk2dO5COHF1krpoPigN
Delicate___Taylor Swift,6NFyWDv5CjfwuzoCkw47Xf
The Very First Night (Taylor's Version) (From The Vault)___Taylor Swift,6pYNq0ZwpPVazKzsqpf0G8
Making It Up As We Go Along___Kristen Anderson-Lopez,553Nw509Iu0IcU8z17kih3
There's Nothing Holdin' Me Back___Shawn Mendes,7JJmb5XwzOO8jgpou264Ml
London Boy___Taylor Swift,1LLXZFeAHK9R4xUramtUKw
The Batman___Michael Giacchino,1NkI8DtCnjcWVCVLF0gB71
Closer___The Chainsmokers,7BKLCZ1jbUBVqRi2FVlTVw
Brightburn___Timothy Williams,2dn3XQxtH4xielvFhGquYW
Grab My Hand___Danny Elfman,0xEio4ICoeC10s9fDQKqOt
Microsoft Buys Activision for $69 BILLION and Saying Goodbye to YouTube Originals___Waveform: The MKBHD Podcast,02FlXeNSso4mQiWVi7NvsQ
Enemy - From the series Arcane League of Legends___Imagine Dragons,5UlnuulVAVmmesw4VzqHdG
Why so Serious?___Hans Zimmer,1wdoaja3ueHHvzobn2jE2n
Fever___The Black Keys,3wJVBz7gvGTwTWVAxFa6ny
"John Brown - Live at Town Hall, New York, NY - April 1963___Bob Dylan",2ViUgXvUq3UdqqR19TH9ua
Avatar: The Last Airbender Theme___Samuel Kim,5mapqrhN9e5oJX1zjPleEJ
KGF Chapter 2 Theme Song___Subhasish Biswas,04csRZVifiSYAR86kHxNGc
Bad Man___Nick Johnson,7hAZZj0Obta5dS1oYzWBcu
Control___Unknown Brain,46MUbxLye12SKBN7xHg3CF
They Don't Know About Us___One Direction,6M31fPFCYB8Job3MCjjrDV
Stay Stay Stay (Taylor's Version)___Taylor Swift,7eQj6r5PIdYKEIZjucBMcq
Snowchild___The Weeknd,3WlbeuhfRSqU7ylK2Ui5U7
Falling___Harry Styles,1ZMiCix7XSAbfAJlEZWMCp
Bilionera - Radio Edit___Otilia,48fKgzfvTU4U7eyRtIYaHP
Boyfriends___Harry Styles,6qj02zSeEJGWZ4c0dn5QzJ
the lakes - bonus track___Taylor Swift,0eFQWVz0qIxDOvhLpZ40P7
Jango Fett Theme x Boba Fett Theme - Epic Bounty Hunter Version___Krutikov Music,4tQm1tsTZmH11yUvlAv0y1
"Kesariya Audio Teaser (From ""Brahmastra"")___Pritam",46NYX9zIml71qtfYYjakTI
Woman___Doja Cat,6Uj1ctrBOjOas8xZXGqKk4
Break My Heart Myself (feat. Travis Barker)___Bebe Rexha,3UjGudrhckjEQjKHLR3p5G
Sere Du Noke Te Litle Grå Geita___Unni Løvlid,6SfZBoPVOzTznknuvzRZB0
"Time - From ""Inception""___Hans Zimmer",6E4OPdEj4Z1T7kqAfChycb
"The Black - From ""Pacific Rim: The Black"" Soundtrack___Brandon Campbell",0YKdVQrRpAUaWWzvVYhpYJ
The Wedding March - Remastered 2011___Queen,29cvimDnaTP15HdKWmH8At
Darkness___X V I,5SiZJoLXp3WOl3J4C8IK0d
Levitating___Dua Lipa,39LLxExYz6ewLAcYrzQQyP
Right Round___Flo Rida,16nHjvEhYAxpdpeHWfBZZK
the last great american dynasty___Taylor Swift,2Eeur20xVqfUoM3Q7EFPFt
Starlight (Taylor's Version)___Taylor Swift,2bspOurPlpKv27SVt7UbHy
Charge___Marc Streitenfeld,3gDMowCL0zgKSKLXQcaCTN
Ready As I'll Ever Be___Varian,1Z6yVA8KHSHJUwnWLZl4iJ
Only the Brave___Louis Tomlinson,7A7RygcHdNH0iJHgwteajF
Dilbar___Neha Kakkar,4tjLYTXFqZhkUDga4bQ0yl
Fight In The Train (Episode 3)___Krutikov Music,2czb0HWTvoRS7l1htC2rjw
John Brown___Bob Dylan,1A0Cy61KO73pahpiG08Lip
In The Dark (with Jhené Aiko)___Swae Lee,0zaoWwS8RpE3LSDdmkg8TC
Cornfield Chase___Hans Zimmer,6pWgRkpqVfxnj3WuIcJ7WP
Love the Haters___Olivia Rodrigo,1glFzU55j6ji6xYEMlvEUx
Ocean The Way Of Water - Special Version___Waymad-Beatz,051wJtDBWDPMokB3Gnf8OT
Carpe Diem___Phineas,7LGeuRxK2i4J9HoFKI27m9
Saknad___Dvergmål,6E5GF7Au70etjUa2TCGQvy
Doctor Strange Trailer Music - Cover Version___Krutikov Music,2L0L8ifjZoG7NC0LGNj4oK
Thor: Ragnarok___Mark Mothersbaugh,4Jm9RwZ2C46J06ARRllUs5
Under The Surface___Jenna Davis,0lWQgxkHSz4LtZzxxYmZ1R
Pe Pinkelifot___Unni Boksasp,6hcA7k4FvkO4RsmKEeDbMA
The One That Got Away___Brielle Von Hugel,1tg28JiXBuaUj5bZ8Ppuum
Arab Trap: Made in Egypt___DJ KABOO,2DBU3G7bYWcLKxKNtsXJ5h
abcdefu___GAYLE,4fouWK6XVHhzl78KzQ1UjL
Steal My Girl___One Direction,2Bs4jQEGMycglOfWPBqrVG
22 (Taylor's Version)___Taylor Swift,3yII7UwgLF6K5zW3xad3MP
Zingaat___Ajay Gogavale,3h4SABo6CjPhJhWJK0rgrU
The Rise of Skywalker - Leia's Theme - Epic Trailer___Mikhail Lesogorov,3jTMfwqm0GRutQrngP2AI5
Fireflies___Owl City,3DamFFqW32WihKkTVlwTYQ
Stranger Things 4 Main Theme (Running Up That Hill)___Krutikov Music,7FwBT0ARZIVanXsxI9fMOa
Spirit Portal___Jack Dalton,1UydPwR8Cd18R5OjF7jPZN
Marche Funèbre___Soap&Skin,2Ws2BRMfOTYq4X9ratwMAA
No Scrubs___Unlike Pluto feat. Joanna Jones,5diufoHZPKvTBMut2NLzbf
Someone Else in the Dark___Sophie Michelle,31q7yumF9dLJsU2YhLFWOp
Killmonger___Ludwig Goransson,0w7yUSxpQV3a3HqlprOQUs
I’m Me___Vanessa,4YJjxRUILIJXovSbXaDsij
bby i . . .___Piper Rockelle,4iWGlW0Ms7EFLUDrGCdzgn
Dancing With My Girls___Aubrey Miller,1UZpl2hPXx6hHZp0sKHNbh
Our Song___Taylor Swift,43H3q2NWT9LCuYS1B5IUvV
Genius___Hans Zimmer,0NtwPnylQy2hEP0GcdGnBs
The Flash Theme (At the Speed of Force)___Samuel Kim,5Gt8rjnvnNc8LYLOICAntL
People Watching___Conan Gray,4JeOesjcWWlprTAvucDSJX
Vendetta___UNSECRET,5aoPr7WqSXDqaYnmIluPdW
Moon Knight Trailer Theme (Day n Nite) - Epic Soundtrack___Krutikov Music,3gDiHY5cAPrOqrRrWRM3UO
Oops!...I Did It Again___Britney Spears,6naxalmIoLFWR0siv8dnQQ
Multiverse of Madness___Danny Elfman,459fuGnqyCTz87R9zWIXH2
The Rise and Fall of Bossanova Section IV___P C III,0q5lnUuDhlogtYCOubNQhQ
August Diaries___DHARIA,6K6etxmlu4Y7J3dR77MK3N
"How Tech Burner Started, Team’s secret stories, Overlays | Burner Podcast #4___Burner Podcast",4eD02ae441W9cFnRahfJG8
Lose You To Love Me___Selena Gomez,4l0Mvzj72xxOpRrp6h8nHi
His Dark Materials___Lorne Balfe,6pvrI3mB6OWCuO9cYwEwm0
Love Story___Taylor Swift,3CeCwYWvdfXbZLXFhBrbnf
Captain America Main Titles___Alan Silvestri,6y8BWRP7CmQ1Zjy7D1f6BN
Satellite___Harry Styles,0rzaRSujxA0bKyjJl6vHYq
Drag Me Down___One Direction,2K87XMYnUMqLcX3zvtAF4G
Adi Adi Raat___Bilal Saeed,11c69hzfxZP5QlTNP77bbB
Rollercoaster___Phineas,5L95vS64rG1YMIFm1hLjyZ
Soch Na Sake___Amaal Mallik,6mTvwBzWTGDOVeCNQEqtOE
"Mitra Re - From ""Runway 34""___Arijit Singh",4SmMVj2SnYXPA2M9LhtCnO
Uprise___Megan Wofford,2Ys6Pl9WewP7ubO6kpevWI
A Thousand Miles___Vanessa Carlton,4w1lzcaoZ1IC2K5TwjalRP
"Psycho Saiyaan (From ""Saaho"")___Sachet Tandon",3ZjMdVOWxQ53FKrmkgCv95
Separate Ways (Worlds Apart) - Bryce Miller/Alloy Tracks Remix___Journey,0muK9BAzu2TJXQgWPsEj6e
"Lamentis-1, 2077___Natalie Holt",7rzpDMJswLqk4tBwzGo8yq
"The Wheat - From ""Gladiator"" Soundtrack___Lisa Gerrard",6J9xufrX3hKqlEskdKkvLI
Doctor Strange 2 - Dream (Multiverse of Madness Trailer Music)___Krutikov Music,620I1vNGmIDQdvUhDVeTFy
As the World Caves In___Sarah Cothran,2xXNLutYAOELYVObYb1C1S
hope ur ok___Olivia Rodrigo,1zejeOnykpCoyVSit6Bwp3
Coca Cola___Tony Kakkar,2toqtjS6MaIRtkmPiYJgGS
"Kumkumala (From ""Brahmastra (Telugu)"")___Pritam",4Te9tTtG4ipT6x6G69DTJd
Astronomia___Vicetone,3hWfKBt3n7j1xqIy6LA5ve
Rise___GEN:ZED,5ZSl6gDoV6bPPxzmLeneV9
Tillu Anna DJ Pedithe___Ram Miriyala,4ZNIkO2j6K2c0Nm8zWXmdn
enough for you___Olivia Rodrigo,2TOzTqQXNmR2zDJXihjZ2e
This Is the End___Matthew J Webster,6VObnIkLVruX4UVyxWhlqm
"Something in the way (from ""The Batman"" DC FanDome trailer) - Cover Version___Alala",0SVDc9FEvo2W1RqqSG14P6
Butterflies___Piper Rockelle,2EArp0IN3fXZkwNAv8c0Al
Davy Jones___Fia Orädd,5ferfmCAZQzjemm0eF4onL
"Agents of S.H.I.E.L.D. Overture - From ""Marvel's Agents of S.H.I.E.L.D.""/Score___Bear McCreary",7g5H7rvDNnb6VAaLxjCgW5
Svein Svane___Marit Mattisgard,3gaRBhbDdHBGoVgSghUjLN
A Dark Knight___Hans Zimmer,5QFdOfeQlX8gp7ick31XRG
Pasoori___Shae Gill,7lvDsmTRXFE3dK4OjvRiWB
"Hedwig's Theme - From ""Harry Potter And The Philosopher's Stone""___John Williams",6K5ODg9h9HwUpZ8slf3piD
Me and My Husband___Mitski,3pANfZVFdtuVnJsE6xa5Ox
Call Out My Name___The Weeknd,09mEdoA6zrmBPgTEN5qXmN
good 4 u___Olivia Rodrigo,4ZtFanR9U6ndgddUvNcjcG
Never Gonna Give You Up___Rick Astley,4PTG3Z6ehGkBFwjybzWkR8
"jealousy, jealousy___Olivia Rodrigo",0MMyJUC3WNnFS1lit5pTjk
"The Frigate That Flies - From ""The Pirate Fairy""/Soundtrack Version___The Pirate Ensemble",7BNVdAfSYjfNvGuYZLxdyA
Jalebi Baby (Tesher x Jason Derulo)___Tesher,6FvSS3Goz7OC8oCC2eWqe8
Ashes___Stellar,3Pj6u2KTgepyyidp5xfbHp
Godzilla (feat. Juice WRLD)___Eminem,7FIWs0pqAYbP91WWM0vlTQ
The Innkeepers___Jeff Grace,5oRTkmJfhEKF0lCnyUJupc
Girl___Sky Brown,7npLlaPu9Mfno8hjk5OagD
Night Changes___One Direction,5O2P9iiztwhomNh8xkR9lJ
The Project___Adam Wingard,2fQcm2pX0XQjOrLxAdYxJJ
Jalebi Baby___Tesher,6FvSS3Goz7OC8oCC2eWqe8
Happy___Here At Last,60nZcImufyMA1MKQY3dcCH
Heat Waves - Slowed___Glass Animals,1K2RnVhm3eauKnA8PAcPu1
Kamikaze___Susanne Sundfør,2gsNpSn7VvvJuSrIDfRoYy
Enfield Opening___joseph bishara,4qFFsmq7KzWQeP2jCmJc2r
"no body, no crime (feat. HAIM)___Taylor Swift",3RaT22zZsxVYxxKR7TAaYF
The First Survivor (Early Access Main Title)___PUBG: BATTLEGROUNDS,3enouIIUzlTYHGRaUkols9
Star Wars: Imperial March___John Williams,2bw4WgXyXP90hIex7ur58y
Style___Taylor Swift,0ug5NqcwcFR2xrfTkc7k8e
Candace Against the Universe___Danny Jacob,7vveYuA4kNnaxIBVSmI1fG
Wanda's Theme (End Credits)___Krutikov Music,5oM3izWRetYRCrcMCLW1Pn
Jet Ski___Natalie Holt,31kJ4uUHXkdArYzNGZvWm7
Enemy (with JID) - from the series Arcane League of Legends___Imagine Dragons,1r9xUipOqoNwggBpENDsvJ
Loki Green Theme___Natalie Holt,5T7DUEeAj0hkMLTzIlDCRz
Doctor Strange in the Multiverse of Madness___Walter Salinas,6UOZATawQ9tCu2pTJcx0NC
"The Rose Song - From ""High School Musical: The Musical: The Series (Season 2)""___Olivia Rodrigo",3qxzozdGFaBxQ0X4HkrMr0
Wildest Dreams___Taylor Swift,3fVnlF4pGqWI9flVENcT28
The Avengers___Alan Silvestri,5SXsXjVJCWeJuf7FHvgBYR
Starboy___The Weeknd,7MXVkk9YMctZqd1Srtv4MB
"Naatu Naatu (From ""Rrr"")___Rahul Sipligunj",4iKGu3xtvm90eBw0EIPWJP
Treacherous (Taylor's Version)___Taylor Swift,3S7HNKPakdwNEBFIVTL6dZ
Dhol Dark & Handsome (Tdf Live Jam)___The Dhol Foundation,1zMBM0Eu3GrBdF0FTW560S
He Who Remains___Natalie Holt,25lMRwMiGHhLtjFsJTGjz3
The Morning___The Weeknd,6u0dQik0aif7FQlrhycG1L
The Eyes Have It___Michael Giacchino,5ztmPh90daLat1VcIcqzmK
traitor___Olivia Rodrigo,5CZ40GBx1sQ9agT82CLQCT
cardigan___Taylor Swift,4R2kfaDFhslZEMJqAFNpdd
"Oshkosh, 1985___Natalie Holt",167gZmnGIp0ooAhEoPVQts
Hold On___Justin Bieber,1nahzW3kfMuwReTka28tH5
Dhindora___Kailash Kher,7nXci98gcFBxwsSRxqkzSq
All I Want - Love That Lasts Mix___Olivia Rodrigo,05ZA9WD25P4ynY41Bd15Km
"TVA - From ""Loki""/Score___Natalie Holt",6YnoM7vjNoilLxWRslJ1d4
"Taki Taki (feat. Selena Gomez, Ozuna & Cardi B)___DJ Snake",0KoiMHhqKLoL4xM54rcWYY
Nineteen___Dylan,1TrKIyTqPl9mMiB994ezhI
Sad Beautiful Tragic (Taylor's Version)___Taylor Swift,73qMN9bXy7MSPwwGfH3wQr
Begin Again (Taylor's Version)___Taylor Swift,05GsNucq8Bngd9fnd4fRa0
Jedi: Fallen Order - Cere's Theme - Epic Trailer___Mikhail Lesogorov,2euoYSsc4HR8EokUz4aP1K
"Run To Me - From The ""Home"" Soundtrack___Clarence Coffee Jr.",6JW9VY9Tjo6kDkbQGQDFLu
"Salina, 1858___Natalie Holt",14OYhOhKkaglvdjBFi3ZdM
Wicked Games___The Weeknd,6VwBbL8CzPiC4QV66ay7oR
Easy On Me___Adele,0gplL1WMoJ6iYaPgMCL0gX
Hot N Cold___Katy Perry,1TEjSXPdAakDotj2Wji3PU
Daredevil TV main theme___Geek Music,0mARaBp5cXqGjkcevmiiTT
Need to Know___Doja Cat,3Vi5XqYrmQgOYBajMWSvCi
America's Most Wanted___Cover Cream,7bhQHcp9wV7tR2doQRY6GX
Wake Me Up Before You Go-Go___Wham!,0ikz6tENMONtK6qGkOrU3c
"Ghungroo (From ""War"")___Vishal-Shekhar",0WdbnNKO0Jt4BZACSDQh44
I Feel It Coming___The Weeknd,3dhjNA0jGA8vHBQ1VdD6vV
Natt 2. Systerslått Ii___Anne Hytta,1B9xKKmKTz81OmLsuMhd18
Every Girl's a Super Girl___JoJo Siwa,0WGJuuIaiouHXSMMVRKhyy
Portals___Alan Silvestri,0OVtnS3l4vThGxkdqCxN6K
Welcome To My Battlegrounds (Original)___Tom Salta,1aQtqFfLUM70KDwcXzKCLO
In Your Eyes___The Weeknd,7szuecWAPwGoV1e5vGu8tl
This Is Where We Come Alive___Portals,5vPBC0ZnKTfg3MMQyEgxhC
Don’t Blame Me___Taylor Swift,1R0a2iXumgCiFb7HEZ7gUE
Summertime Sadness___Lana Del Rey,3BJe4B8zGnqEdQPMvfVjuS
Moth To A Flame (with The Weeknd)___Swedish House Mafia,7kfOEMJBJwdCYqyJeEnNhr
Mysterious Force___Candace,7xcjOAdQL9FZaPmXmPUuNS
Ode to Odd___20syl,5boanH5wwSZfW4OiXTh0Pz
Shang-Chi Main Theme___Samuel Kim,3ROMQLV9N3HjrcqvV88dSP
Billie Jean___Michael Jackson,5ChkMS8OtdzJeqyybCc9R5
Nothing Compares - Bonus Track___The Weeknd,5ciyqWW5YuGqF4Avu7uwry
Take My Breath - Single Version___The Weeknd,6OGogr19zPTM4BALXuMQpF
Gone___ROSÉ,2ayIgfvWo3SfYP2pVOr4pC
"All I Want - From ""High School Musical: The Musical: The Series""___Olivia Rodrigo",4Yxc55NX3tAXC2mHRAhtcW
Heat Waves___Glass Animals,3USxtqRwSYz57Ewm6wWRMp
abcdefu (angrier)___GAYLE,1EQFOouqdKYdpbNoOHRVO2
残酷シャングリラ (TV Size Version)___O★Z,5s56Vk8jelVjnyG9xPFPiH
Lover___Taylor Swift,1dGr1c8CrMLDpV6mPbImSI
Pirates of the Carribeann Theme___The Snake Charmer,6zPTnUB9UE2hZ5KNdovblq
Spider-Man: No Way Home Teaser Trailer Music (Spider-Man: No Way Home Soundtrack)___Sh4d0wStrider,5g8mZz7E9A57vU9snVCQXZ
Agents of S.H.I.E.LD Main Theme___Geek Music,3fTolElkOdrYaWnlc71qJK
Jinx___Lia Pappas-Kemps,1jlwVdghHRjWUKkP6W1uFB
"Gobi, 2012___Natalie Holt",51jHk5XWRx4POz9rRQNvEM
PUBG's 5th Anniversary message___PUBG,0ZVRr5tYNGFikxamlscchV
Mere Dholna___Pritam,2R4zzmPXIFuBH0BqdWDkfC
Dandelions___Ruth B.,2eAvDnpXP5W0cVtiI0PUxV
Opening Titles___Sasha Gordon,3AHtiSNu2dnIKd5EAJPNSy
Whatcha Doin'?___Isabella,5Tg772ZmTrd4uvfslXzYd1
Left and Right (Feat. Jung Kook of BTS)___Charlie Puth,0mBP9X2gPCuapvpZ7TGDk3
"Roaring Thunder - From ""Marvel Rising: Playing with Fire""___Navia Robinson",3WQELxcNNc4BPJHxVAJIaE
"Something In The Way (From ""The Batman"")___Geek Music",5PQV6JRuE9wSfPS49Zlrx7
Heartless___The Weeknd,6bnF93Rx87YqUBLSgjiMU8
Faded___Alan Walker,7gHs73wELdeycvS48JfIos
Main Title___John Paesano,4t20umh0eSuYstasrSl2HV
Soria___Anne Hytta,7p6SNpDpDsjbtxIq4FeeFy
Dawn FM___The Weeknd,6krYS8KtmNAYyb5uTZiYW4
Die For You___The Weeknd,2Ch7LmS7r2Gy2kc64wv3Bz
Ye Mat Kaho Khuda Se Brahmakumaris___BK Asmita,2cm5ipngyY4Gc1A6KWsiQH
I Will Always Love You___Whitney Houston,4eHbdreAnSOrDDsFfc4Fpm
Mr. Perfectly Fine (Taylor’s Version) (From The Vault)___Taylor Swift,7l2tmgUhV7Y2aJHjiszifg
Glorious Purpose___Natalie Holt,2lYt2cQkAJRTpQ8BHMBbgz
"O Saki Saki (From ""Batla House"")___Neha Kakkar",4cFwhwH5ydnHgB0Tv3lZsm
Freed___Danny Elfman,3u5N55tHf7hXATSQrjBh2q
"Light (From ""The Thin Red Line"")___Hans Zimmer",7hQ74BUza1hb05GZZD9LuK
"It's My World (And We're All Living in It) - From ""Milo Murphy's Law""___Milo Murphy",6y4o3iDtn8JIZW09pZKxjA
"It's Been A Long, Long Time___Harry James",4rfh0qEv1HdKRXWiRXfzWF
Dress To Kill (Wild Card)___PUBG: BATTLEGROUNDS,0XqNRICIU3cjKgLrdh54p6
Fever Dream___Jillian Rossi,6YNdQ5utvFnK4CTAnBga06
Running Up That Hill (A Deal With God)___Kate Bush,75FEaRjZTKLhTrFGsfMUXR
This Is Why We Can't Have Nice Things___Taylor Swift,07NxDD1iKCHbAldceD7QLP
The Haunting of Bly Manor (Main Titles)___The Newton Brothers,6yqZjufKRD1pgfppmVeMv1
TVA Inner Workings___Natalie Holt,3feb4GN5whTw05QRLHqr0h
Pokémon___Tina Guo,3OIHgTyQdiAGMmpjQaNxp3
Deja Vu___WENGIE,6HU7h9RYOaPRFeh0R3UeAr
Xu Shang-Chi___Joel P West,0U1X5zc0wvbT6C3YQEpK0q
Brand New (feat. King Von)___Calboy,46w9KXJ4UhZ6GHmZEm77bo
We're Back___Phineas,4KX2n78tTmnOs5igSQ49qU
Let Somebody Go___Coldplay,4cGqn0E8JCSY9gQllQj4Mf
"Main Theme (From ""Loca academia de policía"")___London Music Works",45JoLwDHP9Pa7U2Rkk7Ug4
Save Your Tears (Remix) (with Ariana Grande) - Bonus Track___The Weeknd,1oFAF1hdPOickyHgbuRjyX
Teardrops on My Guitar - Pop Version___Taylor Swift,1hxLyjC9D9Jpw6EAPKqWv4
I Heard You’re Married (feat. Lil Wayne)___The Weeknd,5XbA7TAqsD0fj0dGBrbb0D
SugarCrash!___ElyOtto,2ePtv8MlBO9nuuXABqAfEX
EVs During the Super Bowl and iMessage Reactions on Android___Waveform: The MKBHD Podcast,0wl0H3vM3BixJcuDHTrELr
A Newlywed Couple___Kristen Anderson-Lopez,2J7tTtwQ3cmqD9xYqVqtUh
A Man Without Love___Engelbert Humperdinck,0oUBuOO4g9P4lREqfqR5nq
Ghungroo___Arijit Singh,6XEYddGyGfknrf4I2oN9kW
Hedwig's Theme___John Williams,6K5ODg9h9HwUpZ8slf3piD
"Doom Patrol Main Theme (From ""Doom Patrol"")___Geek Music",10PIhXOLfEezsWf8dB2d0p
"Photo (From ""Luka Chuppi"")___Karan Sehmbi",5wdlz4N7s1Xyr4y4RXhZJM
His Dark Materials (From: His Dark Materials)___Geek Music,0d1frA6EfyfgZtV00a8kTs
Your Father___Joel P West,5Pz3kFm0nanjFlU3F2Zrxa
Wonder Woman Main Theme___Hans Zimmer,0oz9ITtPIt3iI1nzdVX9L2
I Kissed A Girl___Katy Perry,1pXrR5Y9OgcIV2JEAl2lCB
The Moment I Knew (Taylor's Version)___Taylor Swift,0NRHj8hDwwmSPaA41o379r
"Episode 100: Tesla Cybertruck Reactions, 5G vs Planes, and Q&A!___Waveform: The MKBHD Podcast",6olLOlKVEk9Y4xccc8pIAP
Rockabye___Fly By Nightcore,5knuzwU65gJK7IF5yJsuaW
mirrorball___Taylor Swift,0ZNU020wNYvgW84iljPkPP
The Batman Theme (First look)___Krutikov Music,2OfffL9KHJSJJ5YoqqPTIK
Seventeen___Ava Kolker,0JrlB9UVSGhD0mIuYx7x5U
Shang-Chi Trailer Music (Mansa Musa)___Sh4d0wStrider,0GL5u0zk4fdne7wFYUfIs0
Scam 1992 Theme___Achint,3A04b0nJb2nAzGUw2rqDsI
Layla___Klaus Badelt,4qVStkAhz8A61r7bfLqPvM
Love Story (Taylor’s Version)___Taylor Swift,3CeCwYWvdfXbZLXFhBrbnf
Mine___Taylor Swift,67Io3gxHwfbUreBf114c0u
John Brown___Blind Boy Grunt (Bob Dylan),76eDdaKuav6cHD01c7tfgc
Radioactive___Imagine Dragons,62yJjFtgkhUrXktIoSjgP2
TVA___Natalie Holt,50dHgEzyYyytE1JxxBUDgj
Miss Americana & The Heartbreak Prince___Taylor Swift,214nt20w5wOxJnY462klLw
Fire And Water___M. M. Keeravani,5QP6ZJHd4gOd466d8ehplB
Could Have Been Me___Halsey,16nCYYc1lCxCyvaR1lgo0i
clap game___joseph bishara,3mN0hjAZP04wdaLVU7jhEI
Introducing: Waveform with Marques Brownlee___Waveform: The MKBHD Podcast,19elL3a8Hou1WQeohGXRRs
I've Got My Pups with Me___Kathryn D. Rende,1e1a0XIz3ASAOHdmjHOjqm
Act Up___Rich Brian,36Ajx3OHw1qOAjS4tJs38V
The Legendary Humans___Honey the Unicorn,4qBp2SIF0C7u3sGfzNhKRo
Happier Than Ever - Edit___Billie Eilish,32BeYxKPrig1LefHsC0Xuo
Alone Again___The Weeknd,6b5P51m8xx2XA6U7sdNZ5E
Out of Time___The Weeknd,2SLwbpExuoBDZBpjfefCtV
The Story Of Us___Taylor Swift,2jt90bYlYDg1lXYWES34LJ
Candy___Doja Cat,1VJwtWR6z7SpZRwipI12be
Cruel Summer___Taylor Swift,1BxfuPKGuaTgP7aM0Bbdwr
Dark Materials: Between the Worlds___Lorne Balfe,6qwl626ocUuvabjfRe33Rg
Clean___Taylor Swift,1NmVZsG18CzCAtw7rnV3yA
The Fire___M. M. Keeravani,71LwAMmokvRjxSfzVTXcvt
"Music from the ""Avengers: Infinity War"" Trailer 2___L'Orchestra Cinematique",3fxRvgne4797zhZ9rM3w7H
Inception: Time - Orchestra Version - Live___Hans Zimmer,5TXY9UWJMiMopFTpW0uUBb
"Ik Vaari Aa (From ""Raabta"")___Pritam",5lrA2NzUxmBjKr2tCZfMtl
Fearless (Taylor’s Version)___Taylor Swift,77sMIMlNaSURUAXq5coCxE
Cornelia Street___Taylor Swift,12M5uqx0ZuwkpLp5rJim1a
we fell in love in october___girl in red,1BYZxKSf0aTxp8ZFoeyM3d
Blank Space___Taylor Swift,1u8c2t2Cy7UBoG4ArRcF5g
The Train___Olivia Sanabia,5cXL2VUFoS6swssv1lpZZO
Pruned___Natalie Holt,3su6P1ExjmvB8noNcq2sK3
Armstrong Cabin___Justin Hurwitz,0UJEym12sdx3m5UlY2HYfp
Witch perch___joseph bishara,6PagjwNouDQIkrmsXpDOQQ
Look What You Made Me Do___Taylor Swift,1P17dC1amhFzptugyAO7Il
Uncharted: Nate's Theme___Tina Guo,56yEJQ4ufvfd8g3bWIDO3n
After Hours___The Weeknd,2p8IUWQDrpjuFltbdgLOag
Leave Before You Love Me (with Jonas Brothers)___Marshmello,4qu63nuBpdn0qHUHuObEj1
Ghost___Justin Bieber,6I3mqTwhRpn34SLVafSH7G
"Day 'N' Nite (From ""Moon Knight"")___Geek Music",2SOJ4SS7lIf1Sdji3oXPo7
Venom___Little Simz,3A0ITFj6kbb9CggwtPe55f
Marvel Studios Fanfare___Geek Music,5h7gTOozHXd9T8zUAdG74s
Frigga___Natalie Holt,7fW4pV24m1fphqn6666IpJ
First Step___Hans Zimmer,1gLLVtr9kIjmyoRzENZ11w
Can't Fight City Halloween___Michael Giacchino,31n5hquEG1tkwzizOAlj0K
"Music from the ""Avengers: Infinity War"" Trailer___L'Orchestra Cinematique",3fxRvgne4797zhZ9rM3w7H
Lifetime___Justin Bieber,10Z9RbwrTbQ0gQeNRJ2dC1
Wellerman Nightcore___Yakinifu,4kI4gzeIwti0CBxNpTlysj
The Winter Soldier___Henry Jackman,53xdABEP9hyvBwvuXpzeXG
Sacrifice___The Weeknd,1nH2PkJL1XoUq8oE6tBZoU
"Main Theme (From ""The Dark Knight Rises"")___Hans Zimmer",2uZg4Dg2zshOJTyKa22ixE
Doctor Strange Trailer Music Theme - Cover Version___Krutikov Music,7I4Ki44arf4sZZPUHqIz30
Late Night Talking___Harry Styles,1qEmFfgcLObUfQm0j1W2CK
Makhna___Tanishk Bagchi,0ZHILXmUaVSLEOCWxPQ1ga
Sawan Mein Lag Gayi Aag___Mika Singh,6oloWgrErtc8dG2WiV55gn
Twist Kamariya___Harshdeep Kaur,53jOWL6hluhvYrqBIL7j3Y
"The Docking Scene (From ""Interstellar"")___Hans Zimmer",0uIEgUWO6a1MrrSY0HkReb
Hard 2 Face Reality___Poo Bear,0sPJELXHyWpFgkxlzvvRFI
Kgf Theme___WolfSpirit,3UHah6fvwKWJ2B2X3xsFOs
Tigini___Kikimoteleba,7fvaNCAFYAx6ny6C5i5Hab
Star Spangled Man___The Star Spangled Singers,0U9i80PmEhdWAfDUeOuuWU
We Are Never Ever Getting Back Together (Taylor's Version)___Taylor Swift,5YqltLsjdqFtvqE7Nrysvs
Bajrang Dal EDM - Purulia Song___DJ Rohit Ghatshila,7uF7i1oH1E0o5ClIBiph20
Picture To Burn___Taylor Swift,4BYejINgfZF0qKDMEH2cim
Opening Titles___David Arnold,3AHtiSNu2dnIKd5EAJPNSy
On My Way___Alan Walker,4n7jnSxVLd8QioibtTDBDq
Melody (feat. Jon Becker) - Thimlife & Lost Diaries Remix___Cadmium,2aFaYe1GSHtTC57KvuDLfB
august___Taylor Swift,3hUxzQpSfdDqwM3ZTFQY0K
I Knew You Were Trouble (Taylor's Version)___Taylor Swift,6AtZLIzUINvExIUy4QhdjP
Stars Crossed - Acoustic Version___Olivia Sanabia,67ToZ9oQu1LGRVgBKxYjse
Cheap Thrills___Sia,5JpOV1GfgLcKc2lzR6lywq
Avengers___Endgame,10VpgQSeHH578YZJm9cbph
the lakes___Taylor Swift,65YnIFKuwUCLIqMHAP8TAm
The Joker And The Queen (feat. Taylor Swift)___Ed Sheeran,6N1K5OVVCopBjGViHs2IvP
Classic Builds___Natalie Holt,05ejIENqO02FMgUlMstUtr
Wolves___Selena Gomez,0tBbt8CrmxbjRP0pueQkyU
Iron Man x Killmonger___Krutikov Music,3b7Mtbnfw9ouSDPX6CxXV9
What Makes You Beautiful___One Direction,4cluDES4hQEUhmXj6TXkSo
Main Titles (You’ve Been Called Back to Top Gun)___Harold Faltermeyer,74BfFG9qR85KXxN49esFVA
Doctor Strange Main Theme___Arantis,7FSfFeisf4uuNXw6NGWaec
Running Up That Hill (A Deal With God) - 2018 Remaster___Kate Bush,29d0nY7TzCoi22XBqDQkiP
Try Everything___Shakira,1N3dZ7TTWO6VcD4Y3hHYLZ
WandaVision!___Kristen Anderson-Lopez,2lD3POsCEgFZGH5F2cT46Y
"New York, 2012___Natalie Holt",4SXNqRILvifNQVbAJsfqw1
Let Me Down Slowly___Alec Benjamin,2qxmye6gAegTMjLKEBoR3d
Washing Machine Heart___Mitski,3jjsRKEsF42ccXf8kWR3nu
Gangnam Style (강남스타일)___PSY,03UrZgTINDqvnUMbbIMhql
Can't Trust Me___Deep Jelly,5zZt5BzzSrUXwytlRatvc2
...Ready For It?___Taylor Swift,2yLa0QULdQr0qAIvVwN6B5
Game of Thrones Main Theme___Tina Guo,732MpimEBtFL1z5iLaRXOQ
TVA Title Card___Natalie Holt,0AtJpYaM71EChJC0TjdGVR
Adore You___Harry Styles,3jjujdWJ72nww5eGnfs2E7
Save Your Tears___The Weeknd,5QO79kh1waicV47BqGRL3g
To Be So Lonely___Harry Styles,5JiH89mHrv9oWHlD0T326z
Too Late___The Weeknd,2K9Ovn1o2bTGqbsABGC6m3
An Unexpected Visitor___Danny Elfman,4aJzQnL7zLp1n74HvKKpkx
MAYDAY___TheFatRat,5xXB7wVgRmBHoMBmcfEE3C
Stereo Hearts (feat. Adam Levine)___Gym Class Heroes,0qOnSQQF0yzuPWsXrQ9paz
Apna Time Aayega___Ranveer Singh,5uaIbU3oHHcSOK6WFNK5nj
Mera Wala Dance___Nakash Aziz,55wV0bZrwCnJTxgrv6VpVd
Girls Like You___Maroon 5,7npLlaPu9Mfno8hjk5OagD
Nagada Sang Dhol___Shreya Ghoshal,5s9Kd33ExIhpe1JJSj5zLZ
"Aankh Marey (From ""Simmba"")___Neha Kakkar",63MvWd6T6yoS7h4AJ4Hjrm
Very Full___Tom Hiddleston,3mbsIdjARxCAWHf1rW93sd
Rise of the Immortals___Sound Adventures,1lsxvmGEjPZRJKiO40K2zJ
Missed You - Bonus Track___The Weeknd,38uNCW1do0LKfMIt4MDkPo
Theme From Jurassic Park___John Williams,2TZbQZXOuR8osP2AK8yYMN
As It Was___Harry Styles,4LRPiXqCikLlN15c3yImP7
Vardaan___Ajey Nagar (CarryMinati),0MRg2bzlVhGQTi4ecu792k
Burning Love___Elvis Presley,7zMUCLm1TN9o9JlLISztxO
National Anthem of USSR___The Red Army Choir,0JRoo5kkeboyTWVdMEU3pw
"The Avengers - From ""The Avengers""/Score___Alan Silvestri",6cuClER9HL24RpyTGuy2Ew
Lemonade___Aubrey Miller,3ZGJhN4unVspOqpwGvUL2W
Porch___Alan Silvestri,4tU1GfEahdy2NKGviJJuM4
Crossing My Heart___Aubrey Miller,7wowFX8VQiCKCOUlNHlMN6
The Archives___Natalie Holt,2ubmG9uzY66aFyv5TofKw6
One Right Now (with The Weeknd)___Post Malone,00Blm7zeNqgYLPtW6zg8cj
"Kumkumala Audio Teaser (From ""Brahmastra (Telugu)"")___Pritam",0IC8ZqYNcju5zQFYOrRyZH
State Of Grace (Taylor's Version)___Taylor Swift,5lFDIbYMcFHPPgzMcnPqSz
counting crimes___Nessa Barrett,3EsFsEIcsdf4r5Y9UuW0yC
"Naacho Naacho (From ""Rrr"")___Vishal Mishra",208sMwgVcaFt2mT79Df1KG
Miss Minutes___Natalie Holt,2xdPyL9pL66Xy14sjqa7An
Bad Blood___Taylor Swift,0TvQLMecTE8utzoNmvXRbK
Sweet Child O' Mine___Guns N' Roses,7o2CTH4ctstm8TNelqjb51
The Last Time (feat. Gary Lightbody of Snow Patrol) (Taylor’s Version)___Taylor Swift,0y6kdSRCVQhSsHSpWvTUm7
Dangerous Variant___Natalie Holt,7KrOCJgqH1K1ZrpM22IkAs
Loki TVA Theme - Sad version___Krutikov Music,30NKlaui7WujWaCajPAaVH
Eternals Theme___Ramin Djawadi,2IMCpvfw7vdBgK054H0FPE
I Almost Do (Taylor's Version)___Taylor Swift,2r9CbjYgFhtAmcFv1cSquB
Kiwi___Harry Styles,33SNO8AaciGbNaQFkxvPrW
Stargirl Interlude___The Weeknd,4EDijkJdHBZZ0GwJ12iTAj
Loki x Daredevil___Krutikov Music,4o6gIHV6EUSX0tDxNY3GPJ
Heroes On Fire___Karen Fukahara,3lqW7z7QXAgpjtgkkYTXXS
The Spectre___Alan Walker,2DGa7iaidT5s0qnINlwMjJ
Ghungroo___Vishal-Shekhar,0WdbnNKO0Jt4BZACSDQh44
Tavern Brawl___Neal Acree,1vjnSHzm7w6v2Pp1RcZdAE
Fjellbekken___Various Artists,4Kgg3agnMClNbw80AOogNw
don't miss me___Claire Rosinkranz,5MG69A9XyXDbBbeOxdR3Tl
Under My Thumb___The Rolling Stones,5lmGgOaixbwKHtpTzjJoqx
TVA First View___Natalie Holt,6CqfxS51FLktbpyJMxGwFJ
The Delorean is Back and so is Right to Repair___Waveform: The MKBHD Podcast,1uGVw1POvCaCqfyT9waBSR
the Conjuring___joseph bishara,7eIcp5Uw6w6Qd1iCmcTECM
Ko Æ Det Før Ei Liti Mor___Marit Mattisgard,2WgedaYCPH4oZjjdx9GhT3
Alive___TYRS,39LmkwLmeETbr80Uy7HIVU
Ghamand Kar___Sachet Tandon,3HRLPt41jlHSamcpXxmRnJ
His Dark Materials (Main Title Theme)___Baltic House Orchestra,6oNNrhisDs9ieGm1MB0FyL
Here Comes the King___X-Ray Dog,0q6SjXK02E6Jz9hcy2d4or
ivy___Taylor Swift,19CSr8rwW05VJL2F91KFNK
Daylight___Taylor Swift,1fzAuUVbzlhZ1lJAx9PtY6
"Haan Main Galat (From ""Love Aaj Kal"")___Pritam",068HSvCf5MbQfhV4qqaelg
Singing Alone___Melani,645IDz6tQZmXfXTSgiM0U7
Winter Has Arrived (Vikendi)___PUBG: BATTLEGROUNDS,14oLaLOtYArhs38DNpEDCz
Smartphone Season: Samsung Galaxy Note 10 & Note 10+...Everything We Know___Waveform: The MKBHD Podcast,7mHvoQg6RbBnqlYcM1IFHO
Venom - Music From The Motion Picture___Eminem,3kpYJjvM8Ja6btr5hEJLWc
Wonder Woman Main Theme___Tina Guo,6x2B0LnddEcAReI99h70iv
"Chrissy, Wake Up___The Gregory Brothers",6w2pWpwDY4igt0UAtowyAV
Wrapped Around Your Finger___Post Malone,6Kfoo60npYPdvNxMPMiDpX
Shape of You___Ed Sheeran,7qiZfU4dY1lWllzX7mPBI3
Blinding Lights___The Weeknd,0VjIjW4GlUZAMYd2vXMi3b
Hardest To Love___The Weeknd,6kWxIqQDsKFYCJGbU4AjCX
Stranger Things___The Theme System,7z9AOGR6nZlvybNKDj6sDv
Khairiyat___Pritam,5O932cZmzOZGOGZz9RHx20
Loki Processing___Natalie Holt,1igatutsvR4qTl0aDTJowW
Childhood Memories___Sarkis Epstein,3tkuPBRJSDZ79qHWQ4gdlg
Evergreen___Olivia Sanabia,4DOmrSKXmDSM3Xk2AOMP2x
Summer Belongs to You___Candace,37wuSLIK22IxGKffovC6jd
Sleeping Music (Deep Sleep)___Deep Sleep Music Collective,2hIzjuxyItTpPuZZIULExJ
"Phir Kabhi (From ""M.S.Dhoni - The Untold Story"")___Arijit Singh",77gskLti3ilCnuwlDq0m8j
Daylight___Harry Styles,51Zw1cKDgkad0CXv23HCMU
"10,000 Hours (with Justin Bieber)___Dan + Shay",2wrJq5XKLnmhRXHIAf9xBa
Watermelon Sugar___Harry Styles,6UelLqGlWMcVH1E5c4H7lY
Can't Feel My Face___The Weeknd,22VdIZQfgXJea34mQxlt81
Tum Mile - Lofi Flip___KSW,1CsRoIeHaHRysPMoEaKRoQ
Ami Je Tomar___Sharnali Shaha,4Ax8uqRGpYRB60BLiLWhtB
Immortals___Fall Out Boy,3c1ItvzDDDpmDgLH9SIUp4
Catch Up___Natalie Holt,5xwYLXOvJZsLqkKa8d2job
The Causeway___Henry Jackman,3nZZVD4TyElphcjDF0sovi
"1 step forward, 3 steps back___Olivia Rodrigo",4wcBRRpIfesgcyUtis7PEg
"Kesariya (From ""Brahmastra"")___Pritam",6VBhH7CyP56BXjp8VsDFPZ
"Even When/The Best Part - From ""High School Musical: The Musical: The Series (Season 2)""___Olivia Rodrigo",30UszgTxEuJVG5SUFyBffT
Kråkevisa___Sissel Morken Gullord,6m8DP9BxmR1RzO3JWyriCx
B.E.A.T.___L2M,4i8z1JEjhqmFq3ks2IYbpG
"The Best Part - From ""High School Musical: The Musical: The Series (Season 2)""___Olivia Rodrigo",0nZkXIhuH183AKwF1LAZUy
Red (Taylor's Version)___Taylor Swift,4OAuvHryIVv4kMDNSLuPt6
Thunder___Imagine Dragons,1zB4vmk8tFRmM9UULNzbLB
Ain't Got Rhythm (Vocal)___Phineas,0RoVSn3Ldk3Il03XcGCEER
What If Intro Theme___Krutikov Music,01cuahsmBaI2DsnzmkKnMS
When You're Gone___Shawn Mendes,0U1W2LZVUX7qTm7dDpqxh6
Light em up x Radioactive___Ceranolaca,1zi0FhcBEusoVJVfW9mcZt
ME! (feat. Brendon Urie of Panic! At The Disco)___Taylor Swift,2Rk4JlNc2TPmZe2af99d45
Loki Green Theme (Episode 2) - Epic Version___Krutikov Music,6S7L7Ev31NadZ3plIgLX8f
"John Brown - Live at Sony Music Studios, New York, NY - November 1994___Bob Dylan",13S97sG5ptwQ10LdFjLlEk
Trigger___Carryminati,5JAwFXFkQ7JmOGsot0i8oR
Runner Runner___The Merrell Twins,7IJAyUYv72qxOCeOXwOUpS
Thunderstruck___AC/DC,57bgtoPSgt236HzfBOd8kj
Matilda___Harry Styles,6uvh0In7u1Xn4HgxOfAn8O
"Louisiana Hero - From ""The Falcon and the Winter Soldier""/Score___Henry Jackman",0YRJeq6AvbjquIwj3ClOoq
Jpop (Welcome to Tokyo)___Stacy's Cousins,4WLPVNcREnLAlHfd0JJpP9
Yalgaar___Ajey Nagar (CarryMinati),0RGp4KA9wvndxqPIWoKwnD
The Universe Is Against Me___Candace,0NNcuncLPKxl0JUd96LOjT
Invisible___Taylor Swift,6VsvKPJ4xjVNKpI8VVZ3SV
Gamal Visetone Frå Ål___Hallgrim Berg,6pjTOcLDyniWjN6LVZekzC
Mischievous Scamp___Natalie Holt,3PvZpCkHqsDqAr1jhCMUQJ
About Damn Time___Lizzo,1PckUlxKqWQs3RlWXVBLw3
Never Ending Story___Gaten Matarazzo,7r6xGsyES2DTacyP6O585i
"Garmi (From ""Street Dancer 3D"") (feat. Varun Dhawan)___Badshah",6q9XTgfWilsnyiFofvYrIF
Shake It Off___Taylor Swift,0cqRj7pUJDkTCEsJkx8snD
DB Cooper___Natalie Holt,7hUf0ljlYiQIbH5QTgbrJK
Stars Crossed___Olivia Sanabia,2sqAm0feHglxC4y4Cmr42e
